city,rooms,area_m2,rent
Hatfield,2,60.2,955
Watford,4,94.9,1290
Stevenage,2,52.5,795
St Albans,1,38.8,640
Stevenage,1,51.0,720
Stevenage,1,29.8,600
St Albans,3,75.2,1090
Hatfield,1,47.7,605
St Albans,3,67.0,1085
Stevenage,2,45.7,850
Watford,2,55.4,1015
Hatfield,1,29.8,700
Luton,1,34.8,875
Stevenage,2,49.2,935
Stevenage,2,55.9,940
Luton,1,47.6,905
St Albans,3,79.4,1065
St Albans,2,52.0,990
Hatfield,1,47.1,720
St Albans,1,32.6,800
St Albans,2,54.2,945
Stevenage,4,82.2,1115
Luton,2,60.6,1075
St Albans,4,98.0,1415
Stevenage,1,39.2,745
St Albans,2,70.0,880
St Albans,1,37.1,720
Hatfield,2,70.2,960
Luton,1,44.4,730
Hatfield,2,52.2,1105
Stevenage,1,36.5,720
Luton,3,61.6,1090
St Albans,1,36.1,695
Hatfield,1,42.4,725
Hatfield,1,42.6,575
Stevenage,2,62.5,990
St Albans,2,46.3,790
Luton,2,57.9,1200
Hatfield,2,48.5,1000
Watford,2,49.3,975
Watford,2,56.9,990
St Albans,3,67.2,1115
St Albans,3,75.0,1170
Luton,2,54.4,1170
Stevenage,2,59.0,890
St Albans,2,60.0,1085
St Albans,2,57.4,980
Watford,2,51.5,815
Stevenage,3,68.0,1110
Stevenage,1,25.4,645
Watford,3,73.1,1300
Luton,2,46.5,1030
Watford,1,34.3,730
Luton,1,43.8,805
Stevenage,2,55.6,940
Luton,2,59.1,1075
Stevenage,1,38.8,775
Watford,3,84.5,1245
Watford,1,39.3,870
Luton,1,42.9,785
Luton,2,50.3,1065
St Albans,1,41.5,755
Luton,2,55.8,1140
Stevenage,3,73.1,1105
Stevenage,2,51.0,815
Stevenage,1,55.5,630
Watford,3,65.3,1165
Hatfield,2,53.4,975
Stevenage,2,58.9,815
Hatfield,1,42.6,665
Stevenage,1,35.9,750
Stevenage,2,41.5,975
St Albans,1,56.1,850
Stevenage,1,47.2,650
Stevenage,2,50.5,825
Hatfield,2,65.5,1010
Stevenage,3,58.7,1085
Luton,2,64.6,965
St Albans,3,76.8,1065
Watford,3,78.7,1050
Luton,3,74.7,1090
Stevenage,1,43.5,735
Hatfield,2,67.6,960
Hatfield,2,58.1,930
Luton,2,41.8,1140
St Albans,2,52.8,895
Watford,2,60.1,950
Hatfield,1,49.1,595
Hatfield,3,70.2,1050
Watford,2,55.8,965
St Albans,2,54.7,825
Stevenage,3,74.7,890
Hatfield,1,44.3,625
Watford,4,79.1,1510
Stevenage,3,74.3,995
Watford,4,89.5,1350
Hatfield,2,69.3,805
Watford,2,51.2,1115
Hatfield,1,34.5,670
Hatfield,1,39.1,685
Stevenage,2,58.6,1015
Luton,3,75.3,1355
Hatfield,2,46.8,765
Watford,3,76.2,1195
Hatfield,3,67.8,1035
Stevenage,2,59.2,1120
Luton,1,32.3,755
Luton,3,78.6,1180
Luton,2,60.4,980
Watford,2,55.3,1025
Watford,1,39.4,820
Luton,1,44.8,785
St Albans,2,39.4,860
Hatfield,1,39.9,770
Hatfield,3,83.3,1135
Hatfield,2,58.2,900
Luton,1,39.8,820
Hatfield,4,93.8,1140
St Albans,1,49.1,710
Stevenage,3,69.2,1055
Hatfield,2,40.2,970
Hatfield,4,94.2,1190
Stevenage,3,73.6,900
St Albans,4,83.0,1165
Watford,3,79.1,1165
Luton,2,53.7,1110
St Albans,2,53.6,830
Watford,4,88.6,1400
Hatfield,2,61.7,815
Hatfield,4,78.5,1230
Hatfield,2,52.5,1035
Hatfield,2,54.8,905
Watford,1,40.5,870
St Albans,4,81.3,1100
St Albans,3,73.8,1060
Watford,1,36.2,875
Watford,3,72.2,1230
Hatfield,1,30.0,640
St Albans,1,39.5,750
St Albans,2,54.6,1005
Hatfield,3,75.5,970
Stevenage,2,53.6,865
Stevenage,2,54.3,890
Hatfield,4,93.2,1165
St Albans,2,68.7,845
St Albans,2,52.3,775
Luton,3,73.1,1235
St Albans,2,54.3,925
St Albans,1,37.5,615
Hatfield,3,84.5,1140
Stevenage,1,32.4,670
Hatfield,3,70.0,1065
St Albans,1,44.1,635
Stevenage,1,40.0,530
Stevenage,3,67.5,1025
Luton,2,56.3,1070
St Albans,1,39.2,735
Luton,4,76.8,1375
Stevenage,2,57.7,800
Luton,1,47.9,940
Watford,3,77.2,905
Hatfield,1,35.9,700
Watford,3,76.0,1135
Watford,1,41.3,660
Watford,2,49.4,980
Watford,3,82.5,1270
St Albans,3,84.9,910
Watford,3,81.9,1225
Watford,3,67.3,1160
Watford,2,49.0,980
Hatfield,3,76.5,1025
Hatfield,1,40.4,610
Stevenage,1,47.6,935
St Albans,3,88.2,1095
Stevenage,1,42.4,615
Luton,1,36.9,940
Stevenage,4,81.9,1235
Stevenage,2,63.6,815
Stevenage,3,77.3,1010
Hatfield,3,75.9,1100
Hatfield,2,50.8,835
Watford,3,68.6,1170
Watford,1,27.7,770
Hatfield,3,75.9,1085
Hatfield,4,93.8,1200