day,minutes
Wed,14
Wed,19
Fri,44
Mon,27
Fri,32
Mon,34
Thu,51
Thu,39
Wed,12
Wed,13
Fri,35
Thu,28
Fri,39
Wed,19
Wed,29
Wed,26
Thu,19
Wed,26
Mon,50
Thu,27
Tue,20
Thu,37
Tue,18
Wed,35
Mon,28
Fri,44
Fri,47
Mon,26
Mon,39
Wed,7
Mon,42
Wed,9
Mon,43
Wed,11
Tue,31
Tue,12
Wed,13
Tue,22
Fri,39
Wed,31
Tue,27
Mon,47
Thu,52
Thu,28
Wed,35
Tue,38
Wed,24
Mon,35
Wed,11
Fri,46
Fri,36
Fri,42
Wed,33
Tue,27
Thu,32
Thu,35
Fri,47
Wed,27
Fri,56
Mon,37
Mon,24
Fri,45
Thu,34
Tue,35
Tue,30
Fri,62
Mon,37
Fri,45
Mon,40
Fri,58
Tue,20
Fri,33
Fri,38
Fri,42
Wed,41
Wed,22
Tue,50
Mon,36
Tue,17
Fri,35
Fri,34
Mon,19
Fri,49
Wed,71
Wed,61
Wed,29
Mon,37
Fri,64
Wed,7
Mon,41
Fri,41
Thu,33
Tue,31
Mon,35
Fri,43
Thu,47
Tue,42
Fri,50
Thu,27
Mon,30
Mon,41
Fri,33
Tue,30
Wed,26
Thu,37
Wed,26
Thu,31
Tue,30
Thu,36
Wed,29
Tue,28
Fri,17
Mon,39
Wed,37
Tue,45
Fri,46
Tue,33
Thu,41
Thu,43
Thu,30
Fri,37
Tue,6
Wed,36
Tue,13
Thu,23
Tue,18
Wed,40
Fri,36
Mon,37
Thu,48
Wed,36
Thu,24
Wed,18
Wed,19
Mon,37
Fri,35
Thu,42
Tue,38
Wed,30
Wed,23
Mon,23
Mon,42
Tue,29
Fri,48
Fri,45
Thu,37
Fri,40
Fri,26
Tue,26
Wed,12
Thu,31
Fri,53
Mon,24
Tue,34
Mon,43
Tue,25
Wed,7
Wed,15
Thu,33
Thu,31
Mon,29
Tue,36
Fri,48
Tue,38
Tue,26
Tue,34
Thu,17
Tue,24
Mon,42
Fri,55
Thu,20
Mon,44
Mon,46
Thu,46
Tue,24
Wed,26
Mon,84
Wed,37
Thu,40
Mon,41
Mon,38
Mon,39
Tue,17
Thu,32
Mon,41
Mon,46
Fri,29
Tue,29
Tue,32
Mon,45
Mon,31
Mon,30
Wed,28
Wed,27
Wed,28
Wed,22
Tue,16
Fri,26
Mon,46
Mon,26
Fri,29
Fri,48
Fri,44
Thu,35
Tue,20
Wed,38
Tue,50
Thu,37
Wed,23
Tue,44
Thu,37
Thu,23
Wed,24
Fri,42
Thu,28
Fri,51
Wed,22
Wed,26
Wed,36
Wed,7
Wed,24
Wed,17
Thu,53
Fri,39
Tue,27
Thu,32
Fri,44
Tue,30