user_id,age_band,steps_before,reminders,steps_after
U0001,30-49,5713,yes,3960
U0002,50+,6413,N,8109
U0003,50+,3881,yes,3975
U0004,18 - 29,10071,N,6963
U0005,30 - 49,8650,no,7448
U0006,50+,6094,no,5647
U0007,18 - 29,11559,no,11124
U0008,50 +,6346,no,5827
U0009,50 +,2656,yes,6460
U0010,30-49,6163,yes,7355
U0011,30 - 49,5600,yes,7020
U0012,18-29,3745,yes,6585
U0013,18–29,8623,N,7015
U0014,30-49,5854,no,6116
U0015,30 - 49,3648,Y,3629
U0016,30-49,6047,yes,9983
U0017,50 +,5459,no,5893
U0018,50+,6582,N,8801
U0019,30-49,7495,no,8314
U0020,50+,5530,no,8134
U0021,18-29,9102,no,8557
U0022,18–29,8430,no,10326
U0023,30-49,7538,no,8687
U0024,18-29,10532,no,9988
U0025,18–29,7890,no,7891
U0026,30 - 49,4333,yes,6155
U0027,30-49,8387,no,10360
U0028,50+,5198,no,5594
U0029,30 - 49,7114,N,7179
U0030,30 - 49,5458,yes,4762
U0031,30-49,11053,no,7768
U0032,18–29,5413,yes,10402
U0033,18-29,5277,yes,6962
U0034,18–29,4291,Y,6526
U0035,30-49,5329,Y,9676
U0036,18 - 29,6924,yes,11827
U0037,30 - 49,5003,yes,5467
U0038,18–29,8740,no,9709
U0039,50 +,3952,Y,-1
U0040,18-29,9191,no,9547
U0041,18–29,7648,yes,8237
U0042,50+,5070,yes,6514
U0043,30-49,8842,no,10737
U0044,50+,12138,no,10759
U0045,30-49,6118,Y,6640
U0046,50 +,4554,yes,7527
U0047,18-29,6854,yes,8609
U0048,30 - 49,7157,yes,9478
U0049,30-49,5838,no,5906
U0050,50+,6521,N,7659
U0051,30 - 49,6066,yes,8322
U0052,30-49,5454,no,5619
U0053,18 - 29,8242,no,5653
U0054,30 - 49,5826,yes,6543
U0055,30 - 49,4299,yes,3188
U0056,18-29,4672,yes,6675
U0057,50+,4393,yes,6318
U0058,30 - 49,6742,Y,5260
U0059,50 +,8651,no,5849
U0060,30-49,4007,yes,5887
U0061,30 - 49,5815,yes,7224
U0062,30-49,7666,no,7160
U0063,30-49,7819,no,9687
U0064,18-29,8935,no,7180
U0065,30 - 49,6115,N,4275
U0066,18-29,11822,no,7745
U0067,30 - 49,6610,no,6316
U0068,18 - 29,8328,no,7727
U0069,50 +,5256,yes,6915
U0070,18-29,11160,N,10648
U0071,30-49,5654,no,5981
U0072,30-49,8774,no,8088
U0073,50+,5291,yes,4716
U0074,30 - 49,8291,Y,8878
U0075,18–29,4499,Y,5494
U0076,50 +,7009,no,6010
U0077,50+,9326,no,10670
U0078,50+,6681,no,7059
U0079,30 - 49,6117,yes,7548
U0080,18 - 29,7776,no,6854
U0081,18 - 29,9219,N,6800
U0082,50+,6263,no,7089
U0083,30-49,5256,yes,8472
U0084,18-29,5966,yes,7428
U0085,50+,5870,no,5088
U0086,30-49,6733,Y,9289
U0087,30-49,6618,no,6943
U0088,30-49,8090,no,11142
U0089,30-49,7599,N,8303
U0090,18–29,10954,no,8833
U0091,18–29,5173,Y,8083
U0092,50+,9382,no,6396
U0093,30-49,11442,no,9129
U0094,30 - 49,7771,yes,6974
U0095,30-49,8598,no,7916
U0096,50 +,4425,no,6262
U0097,18-29,8630,N,10780
U0098,30-49,4133,yes,5776
U0099,18–29,7501,yes,10403
U0100,18 - 29,8467,no,8340
U0101,50 +,6546,no,6276
U0102,30-49,6673,no,8164
U0103,30-49,4885,yes,10009
U0104,30-49,7427,no,7224
U0105,50 +,4436,Y,4519
U0106,30-49,6143,Y,6722
U0107,30-49,4951,yes,6784
U0108,30 - 49,5665,yes,7691
U0109,30 - 49,6733,Y,11036
U0110,30-49,4442,yes,4472
U0111,50 +,5723,Y,7120
U0112,50+,7864,no,6282
U0113,18–29,7329,yes,8815
U0114,50 +,5081,Y,6776
U0115,18–29,5581,yes,8450
U0116,50+,6605,no,6960
U0117,50+,10154,N,7737
U0118,18 - 29,8585,no,9790
U0119,30 - 49,8481,N,6083
U0120,50+,6580,no,5878
U0121,18-29,7363,no,9942
U0122,30-49,7794,no,9094
U0123,50 +,9764,no,8777
U0124,30 - 49,5667,no,3877
U0125,50+,9052,no,7529
U0126,18-29,8301,no,7235
U0127,18–29,11911,N,12203
U0128,30-49,9100,no,7892
U0129,18-29,7062,Y,8327
U0130,30 - 49,9487,no,7096
U0131,50+,7418,N,4589
U0132,30-49,7367,no,6251
U0133,30-49,6734,no,6480
U0134,18–29,7042,yes,8399
U0135,50 +,3910,yes,3525
U0136,30-49,6844,Y,8008
U0137,50+,7993,no,6644
U0138,30 - 49,7875,no,9459
U0139,30-49,7663,no,6055
U0140,50 +,4786,no,6461
U0141,50 +,5280,Y,5617
U0142,30 - 49,6983,Y,5731
U0143,30-49,5925,yes,6860
U0144,50 +,8001,no,8575
U0145,30-49,2028,yes,7871
U0146,50+,8761,no,5574
U0147,18-29,6380,yes,7717
U0148,30 - 49,6682,N,5603
U0149,30-49,6694,N,8981
U0150,50 +,6855,no,5711
U0151,18 - 29,5942,yes,6307
U0152,50+,6612,N,6867
U0153,30 - 49,7393,no,7992
U0154,50 +,7084,N,7723
U0155,30 - 49,9475,no,6559
U0156,50+,5631,Y,7349
U0157,30-49,7353,yes,8549
U0158,30-49,5874,Y,8032
U0159,18 - 29,7403,N,8721
U0160,18 - 29,9700,no,8378
U0161,18-29,9638,no,7329
U0162,50 +,4446,yes,4558
U0163,50 +,3957,yes,5622
U0164,18–29,9768,no,6880
U0165,30 - 49,7793,yes,7102
U0166,30 - 49,7629,N,5634
U0167,30-49,10373,no,7490
U0168,30 - 49,6393,yes,8330
U0169,30 - 49,8309,N,9210
U0170,50 +,6103,no,5614
U0171,30-49,6240,no,10280
U0172,30 - 49,11882,no,10648
U0173,30 - 49,5089,no,5825
U0174,18-29,12376,no,10799
U0175,18 - 29,7819,Y,8314
U0176,30-49,9151,no,9199
U0177,50 +,9688,N,11504
U0178,50+,5510,no,1772
U0179,50+,5279,Y,5020
U0180,18-29,7614,yes,10798
U0181,50 +,7767,no,5894
U0182,50+,8993,no,7072
U0183,50 +,5352,yes,6996
U0184,30 - 49,6877,no,11005
U0185,50+,8401,N,5919
U0186,18–29,8265,no,8021
U0187,18 - 29,8308,no,10597
U0188,18 - 29,4317,yes,5416
U0189,18-29,8168,yes,8087
U0190,18 - 29,7034,yes,7679
U0191,18-29,9781,no,9778
U0192,30-49,8353,no,7436
U0193,18–29,7789,yes,8838
U0194,30-49,5728,yes,9578
U0195,18 - 29,7362,yes,7863
U0196,30 - 49,6997,no,6235
U0197,18 - 29,6442,yes,4921
U0198,30-49,8499,no,6985
U0199,50 +,6131,no,7132
U0200,30-49,7498,no,8213
U0201,50 +,7096,yes,6514
U0202,30 - 49,7387,Y,8199
U0203,30-49,4420,N,9222
U0204,18-29,9393,no,10858
U0205,30 - 49,7119,no,7554
U0206,18–29,9390,no,10308
U0207,50+,3770,yes,5783
U0208,50+,4011,yes,7876
U0209,50 +,4355,yes,6924
U0210,18 - 29,7855,yes,8925
U0211,30 - 49,6330,yes,6059
U0212,30-49,5755,Y,9406
U0213,18–29,8577,no,6299
U0214,30-49,6357,yes,9272
U0215,50+,3476,yes,4434
U0216,30 - 49,8619,no,8434
U0217,50+,6590,no,6856
U0218,50+,3472,yes,7392
U0219,18 - 29,13629,no,11209
U0220,50+,5538,yes,8487
U0221,50+,9087,no,7566
U0222,18 - 29,9899,no,10431
U0223,30-49,8041,no,5915
U0224,30-49,6034,Y,7379
U0225,30 - 49,9165,no,7947
U0226,18–29,7327,yes,-1
U0226,18–29,7327,yes,-1
U0227,30-49,8733,no,4649
U0228,30 - 49,5779,yes,7691
U0229,50 +,2916,yes,1944
U0230,50 +,8227,no,7331
U0231,30-49,4285,yes,1808
U0232,50 +,6800,no,5353
U0233,50 +,7926,no,2835
U0234,50 +,5497,Y,7658
U0235,18–29,6810,Y,6695
U0236,18-29,9564,no,8757
U0237,30-49,3516,yes,4855
U0238,18 - 29,7044,yes,3737
U0239,30-49,7169,no,5162
U0240,50+,2293,yes,4399
U0241,30-49,4933,yes,6010
U0242,18-29,10816,N,11810
U0243,30 - 49,5634,no,5145
U0244,30-49,6906,N,8186
U0245,18–29,6881,yes,-1
U0246,30-49,4994,yes,8595
U0247,18–29,7158,yes,10689
U0248,30-49,6585,N,7581
U0249,50 +,6598,N,7206
U0250,30-49,10234,no,9030
U0251,30-49,5896,no,6510
U0252,30 - 49,8152,no,9290
U0253,18-29,6506,yes,5794
U0254,18-29,8230,yes,8388
U0255,30 - 49,5054,Y,7204
U0256,30-49,6910,yes,8394
U0257,18-29,8603,Y,11177
U0258,50+,7458,yes,6135
U0259,30 - 49,4309,yes,5195
U0260,18-29,9136,no,8682
U0261,18 - 29,10865,no,8066
U0262,50 +,7602,yes,5236
U0263,18 - 29,6627,yes,8074
U0264,18-29,6390,yes,10420
U0265,18-29,7457,no,4933
U0266,18 - 29,8781,N,6325
U0267,50+,11222,no,11025
U0268,18-29,9932,no,11898
U0269,30-49,7091,no,5101
U0270,50+,5890,no,1912
U0271,30 - 49,7524,Y,8980
U0272,18–29,10361,no,9449
U0273,30 - 49,6485,no,7429
U0274,50+,5368,yes,5508
U0275,30-49,8821,no,8039
U0276,50 +,8684,no,6809
U0277,18-29,6974,yes,10055
U0278,50+,6680,no,6288
U0279,50 +,3637,Y,1496
U0280,50+,6333,no,3834
U0281,30-49,3737,yes,6664
U0282,30-49,8004,no,7847
U0283,18–29,9897,no,5486
U0284,30 - 49,7520,N,7928
U0285,50+,7242,no,8762
U0286,18 - 29,9031,no,9833
U0287,18 - 29,6061,N,5850
U0288,30 - 49,11306,no,8101
U0289,50+,8106,no,7244
U0290,50+,6196,N,5415
U0291,18–29,5468,yes,6213
U0292,18–29,8494,N,7659
U0293,50+,4571,yes,4011
U0294,30-49,11748,no,11104
U0295,50 +,1587,yes,3477
U0296,50+,5224,yes,4797
U0297,50+,6089,N,6393
U0298,50 +,4431,Y,6787
U0299,50+,6324,no,7763
U0300,30 - 49,7265,no,8266
U0301,30-49,3857,yes,9712
U0302,18-29,10684,no,11653
U0303,50 +,3593,yes,3338
U0304,50+,5529,no,5561
U0305,50 +,3288,yes,6675
U0306,30-49,9323,no,8070
U0307,30-49,7877,no,7408
U0308,30 - 49,7154,yes,4412
U0309,18-29,9072,no,4856
U0310,50+,6612,yes,8242
U0311,30 - 49,8779,no,8726
U0312,30 - 49,5866,N,7224
U0313,30-49,10179,no,8587
U0314,50 +,9452,no,10912
U0315,30 - 49,5005,Y,4812
U0316,50 +,8001,N,7058
U0317,50 +,10024,no,10405
U0318,30-49,8176,no,7333
U0319,18 - 29,8172,no,7763
U0320,50+,6232,yes,3593
U0321,50+,4125,yes,4596
U0322,18-29,7228,no,5538
U0323,50 +,5206,yes,6342
U0324,50+,6482,N,7297
U0325,50+,5349,yes,7191
U0326,18 - 29,6744,yes,8502
U0327,18-29,9002,N,5572
U0328,50 +,7753,no,6476
U0329,18–29,7444,N,6351
U0330,18-29,7859,yes,9221
U0331,30 - 49,11611,no,9173
U0332,30 - 49,8169,no,6464
U0333,50 +,6744,no,6860
U0334,18-29,9128,no,-1
U0335,50+,6586,no,5789
U0336,18-29,9842,no,9172
U0337,50+,5614,yes,8365
U0338,18-29,12068,no,8861
U0339,30 - 49,4427,yes,5618
U0340,18-29,11113,no,7289
U0341,30 - 49,5949,yes,7584
U0342,30 - 49,8439,N,5510
U0343,50 +,4937,yes,3057
U0344,30 - 49,6109,no,6560
U0345,18-29,9642,no,9209
U0346,50 +,6655,N,4069
U0347,50 +,6368,no,7329
U0348,50+,4478,Y,4171
U0349,18–29,2978,yes,6283
U0350,30-49,6282,no,4131
U0351,18 - 29,5055,yes,5280
U0352,18 - 29,7687,yes,11177
U0353,18-29,8899,no,9856
U0354,30 - 49,7670,no,8780
U0355,18-29,5223,Y,6503
U0356,18-29,7744,yes,6030
U0357,50+,10739,N,8725
U0358,30 - 49,5168,yes,8706
U0359,18 - 29,8055,no,6877
U0360,30-49,8240,Y,9728
U0361,18 - 29,12519,no,13497
U0362,30 - 49,7908,N,10535
U0363,18 - 29,8219,N,6352
U0364,30-49,6381,Y,6964
U0365,30 - 49,9031,no,6028
U0366,30 - 49,6410,no,7673
U0367,30 - 49,5402,N,6405
U0368,50 +,6660,no,7093
U0369,50+,4359,Y,4037
U0370,18-29,6088,yes,7091
U0371,18 - 29,9119,N,8444
U0372,18 - 29,12086,no,11843
U0373,50+,4623,yes,4213
U0374,50+,7198,no,6102
U0375,18 - 29,9538,no,8791
U0376,50+,5336,yes,7552
U0377,18–29,8755,no,8419
U0378,30-49,8476,no,3718
U0379,30-49,7812,N,5631
U0380,50+,2679,yes,4353
U0381,18–29,5276,yes,6973
U0382,30-49,7176,N,7448
U0383,30-49,6621,no,6370
U0384,18-29,4618,yes,8107
U0385,18–29,7681,no,7573
U0386,30-49,5583,yes,7907
U0387,50 +,5282,N,5593
U0388,50 +,6401,no,4403
U0389,50+,4836,Y,6437
U0390,50+,3279,yes,2565
U0391,50+,5191,Y,3236
U0392,50 +,9584,no,8099
U0393,30-49,212000,Y,5979
U0394,50+,5651,yes,6342
U0395,30-49,6456,yes,9926
U0396,18-29,9910,no,7467
U0397,50+,5733,yes,4985
U0398,18–29,6674,yes,6798
U0399,50 +,6098,no,5343
U0400,30-49,8004,no,8943
U0401,30 - 49,5007,yes,5309
U0402,50+,8257,no,6832
U0403,18-29,8701,no,7834
U0404,30-49,5677,yes,6866
U0405,18–29,8425,no,8274
U0406,50 +,5395,N,7216
U0407,30 - 49,8869,no,9418
U0408,50+,5552,Y,6451
U0409,18–29,13101,no,10226
U0410,50+,7987,no,8061
U0411,50+,5084,Y,7304
U0412,30-49,8411,no,8945
U0413,50+,6028,no,4658
U0414,30-49,5306,no,8245
U0415,30 - 49,7310,no,5705
U0416,30 - 49,4675,yes,5367
U0417,50 +,6858,no,9518
U0418,30-49,6189,no,5960
U0419,30-49,5491,Y,5672
U0420,18 - 29,6612,yes,6064
U0421,30-49,5163,yes,8040
U0422,50 +,5420,yes,6361
U0423,18 - 29,7739,yes,10830
U0424,50+,6563,yes,8215
U0425,18 - 29,8927,no,7595
U0426,50+,3713,yes,10411
U0427,30 - 49,5861,no,6046
U0428,30 - 49,8737,no,7105
U0429,50+,5238,yes,5592
U0430,30 - 49,8421,no,8604
U0431,50+,7276,no,9260
U0432,18-29,9855,no,9155
U0433,30-49,6385,yes,5637
U0434,30-49,6215,yes,4548
U0435,50 +,1631,Y,5104
U0436,18 - 29,5045,yes,6503
U0437,30 - 49,10428,no,8786
U0438,30 - 49,9767,no,5612
U0439,30-49,5305,Y,4674
U0440,18-29,10802,no,8236
U0441,30 - 49,8300,no,9043
U0442,18–29,7414,Y,6271
U0443,18–29,7188,yes,7752
U0444,50+,6144,yes,6256
U0445,18–29,6639,no,7171
U0446,30-49,9383,no,7348
U0447,50+,9593,no,6759
U0448,50+,6425,yes,9599
U0449,30 - 49,7216,no,5691
U0450,50+,8599,no,7697
U0451,30 - 49,7341,yes,6533
U0452,30-49,1822,Y,4842
U0453,50+,6955,no,7004
U0454,30 - 49,7873,no,6851
U0455,30 - 49,6006,no,6805
U0456,30 - 49,11314,no,7469
U0457,30 - 49,6840,N,9181
U0458,30-49,4832,yes,7499
U0459,50+,8398,no,9732
U0460,30 - 49,6847,no,6472
U0461,30-49,6539,N,6097
U0462,50+,7992,no,8894
U0463,30-49,8073,no,8541
U0464,30-49,7125,yes,7876
U0465,50+,4583,Y,3347
U0466,30-49,7304,no,4555
U0467,50+,6459,no,6420
U0468,50 +,5311,yes,5148
U0469,30-49,8127,no,8121
U0470,50+,9782,N,7017
U0471,18 - 29,7447,no,8140
U0472,30 - 49,7910,yes,5081
U0473,50+,7905,no,10383
U0474,30-49,6191,no,7991
U0475,30 - 49,3558,yes,7036
U0476,30 - 49,7110,no,8228
U0477,30 - 49,8512,N,8662
U0478,30-49,8029,Y,3125
U0479,30 - 49,7523,N,9471
U0479,30 - 49,7523,N,9471
U0480,18 - 29,7476,yes,7613
U0481,18 - 29,6349,yes,7439
U0482,18–29,7508,yes,8599
U0483,30-49,6810,no,6548
U0484,50+,5228,yes,4949
U0485,30-49,5444,yes,9052
U0486,30 - 49,7203,N,8902
U0487,30-49,11464,N,10627
U0488,30 - 49,5282,no,4962
U0489,50 +,6862,no,10064
U0490,50+,4222,yes,5374
U0491,30 - 49,9443,no,9706
U0492,18 - 29,7538,N,9348
U0493,50+,9466,no,6293
U0494,30-49,9881,no,10380
U0495,30 - 49,7220,yes,10394
U0496,18-29,5795,Y,5934
U0497,50+,6649,N,7320
U0498,30-49,10213,no,7599
U0499,30 - 49,6857,no,10004
U0500,18 - 29,9909,no,9802
U0501,30 - 49,9195,no,5777
U0502,50 +,8127,Y,8843
U0503,50+,10975,no,9580
U0504,30 - 49,6706,no,10172
U0505,50 +,4577,yes,6612
U0506,30 - 49,3805,yes,6835
U0507,30 - 49,7768,no,4734
U0508,30-49,8638,Y,9411
U0509,18–29,4059,yes,7046
U0510,30-49,8884,no,7968
U0511,50+,6797,no,6622
U0512,50 +,11163,no,5365
U0513,18-29,9264,no,9937
U0514,50 +,5930,yes,6409
U0515,50 +,6571,no,9136
U0516,30 - 49,9390,no,8314
U0517,18 - 29,8381,Y,8339
U0518,30 - 49,7755,no,7138
U0519,18-29,8825,N,6558
U0520,30-49,9229,no,8830
U0521,30 - 49,4748,yes,2719
U0522,30 - 49,7625,N,9455
U0523,18 - 29,5649,Y,8111
U0524,30-49,9058,no,5952
U0525,30 - 49,6658,yes,8881
U0526,30-49,8636,no,8348
U0527,18 - 29,10600,no,10003
U0528,50 +,3594,yes,4712
U0529,18-29,8865,no,8745
U0530,30-49,6001,yes,5967
U0531,18–29,9748,no,9257
U0532,18–29,9440,no,9670
U0533,30 - 49,3695,yes,2744
U0534,50+,6256,no,3508
U0535,50 +,5706,yes,8418
U0536,18-29,10836,no,9322
U0537,18 - 29,6592,no,10031
U0538,30 - 49,8579,yes,8403
U0539,50 +,4180,yes,5626
U0540,30 - 49,8806,no,11614
U0541,50+,10321,N,9706
U0542,30-49,8142,Y,8752
U0543,30-49,3209,yes,6177
U0544,50 +,3723,yes,3268
U0545,50+,5533,no,8262
U0546,30-49,12640,no,13248
U0547,18 - 29,12511,N,11085
U0548,30 - 49,8421,no,12107
U0549,30 - 49,8110,no,8417
U0550,18-29,6396,yes,7486
U0551,30-49,9661,no,10513
U0552,30-49,6186,yes,5873
U0553,18-29,9557,no,7803
U0554,18-29,7335,yes,7757
U0555,18–29,11567,no,10813
U0556,18–29,7613,no,7430
U0557,50+,7040,no,7346
U0558,18 - 29,8564,no,5213
U0559,18–29,7193,yes,8191
U0560,18 - 29,7072,yes,7455
U0561,30-49,5222,yes,7731
U0562,18-29,5637,yes,4672
U0563,30 - 49,5235,yes,5229
U0564,18–29,8956,no,8997
U0565,18–29,3742,yes,4874
U0566,50 +,4686,Y,4666
U0567,18 - 29,6540,N,5125
U0568,30-49,8199,N,4471
U0569,30 - 49,8418,no,8212
U0570,30-49,12185,N,10773
U0571,50+,4488,Y,2914
U0572,18–29,8295,no,7926
U0573,50 +,8202,N,6435
U0574,50 +,8106,N,4470
U0575,30-49,4240,yes,7218
U0576,18–29,12430,no,9878
U0577,30 - 49,6353,yes,10173
U0578,30-49,5101,yes,3944
U0579,50 +,2864,yes,5585
U0580,18 - 29,6274,yes,10489
U0581,50+,6061,Y,4485
U0582,50+,3149,Y,2290
U0583,18-29,7364,no,7453
U0584,30-49,6088,yes,7876
U0585,18-29,10927,N,9565
U0586,50 +,5489,yes,7116
U0587,50 +,6711,no,6550
U0588,50+,6036,no,5575
U0589,30-49,3502,yes,1477
U0590,30-49,5263,no,6998
U0591,30 - 49,7115,N,6615
U0592,30-49,6348,yes,7248
U0593,50 +,2661,Y,3693
U0594,30-49,4937,yes,5476
U0595,30-49,7983,N,10569
U0596,30-49,8409,N,10979
U0597,18-29,5122,yes,6517
U0598,50 +,12444,no,8480
U0599,30-49,6322,Y,5480
U0600,30-49,8228,no,7924
U0601,50 +,5839,yes,7912
U0602,50 +,5735,yes,6613
U0603,30-49,5232,yes,8489
U0604,18–29,7402,no,6756
U0605,18–29,8145,yes,10115
U0606,18–29,7209,Y,6969
U0607,30-49,2607,yes,5594
U0608,30 - 49,11562,no,11687
U0609,50+,8984,no,3603
U0610,18-29,10037,no,10095
U0611,50+,4289,Y,5158
U0612,30-49,8353,no,10656
U0613,50 +,9622,N,8094
U0613,50 +,9622,N,8094
U0614,30-49,8198,no,9207
U0615,18 - 29,6695,yes,7807
U0616,50+,2492,no,5162
U0617,18 - 29,6103,Y,7852
U0618,18-29,5508,yes,4611
U0619,50+,6887,no,2582
U0620,30 - 49,6044,Y,8561
U0621,18–29,7950,yes,6520
U0622,18–29,8280,no,5775
U0623,50+,4504,yes,7246
U0624,18–29,10736,N,10184
U0625,50+,7744,no,8511
U0626,18-29,7235,Y,9119
U0627,50+,10423,no,9478
U0628,18–29,4552,yes,8888
U0629,30 - 49,7190,yes,6447
U0630,18–29,9996,no,9349
U0631,30-49,4584,yes,4160
U0632,50+,5876,Y,8362
U0633,18–29,7360,N,6793
U0634,18-29,8575,no,10189
U0635,50+,9091,N,8134
U0636,30-49,6973,yes,3908
U0637,30 - 49,4897,yes,10030
U0638,30-49,7776,no,5975
U0639,30 - 49,8437,no,5649
U0640,50 +,5521,yes,4818
U0641,18-29,11700,no,11220
U0642,50+,7813,no,10337
U0643,30-49,7771,yes,6357
U0644,50+,3970,Y,6939
U0645,30 - 49,7494,yes,8070
U0646,50+,6856,no,4991
U0647,30 - 49,7357,N,10648
U0648,30 - 49,7467,no,8833
U0649,18–29,6138,Y,8680
U0650,50+,6805,no,4598
U0651,50 +,5348,no,5441
U0652,18 - 29,6677,Y,8794
U0653,50 +,2582,yes,3913
U0654,18-29,9990,no,5917
U0655,30-49,3494,yes,4539
U0656,50 +,4517,yes,4751
U0657,30-49,4712,yes,6544
U0658,18–29,9910,no,9417
U0659,30-49,10612,no,9213
U0660,18–29,6502,yes,5618
U0661,18 - 29,6048,no,7286
U0662,18–29,6229,yes,8005
U0663,18-29,10704,no,8655
U0664,18-29,9575,no,10566
U0664,18-29,9575,no,10566
U0665,30 - 49,10366,no,11238
U0666,18-29,9517,Y,8443
U0667,50+,8389,no,9445
U0668,50+,4669,yes,3764
U0669,18–29,11424,no,10503
U0670,30-49,8236,no,3987
U0671,30 - 49,1663,yes,3497
U0672,18-29,13712,no,13726
U0673,18–29,10079,no,13296
U0674,50 +,3554,yes,6608
U0675,30-49,7587,no,8346
U0676,50+,5500,yes,6347
U0677,18 - 29,7070,yes,8073
U0678,30-49,2899,yes,-1
U0679,50 +,3853,yes,6374
U0680,50 +,8690,no,5781
U0681,18 - 29,11085,no,9747
U0682,30 - 49,9844,N,7720
U0683,30-49,8861,N,5007
U0684,50 +,8952,no,8308
U0685,18–29,7026,yes,5461
U0686,18 - 29,8957,no,6805
U0687,50 +,1820,yes,5197
U0688,30-49,4033,Y,5560
U0689,30-49,9319,no,9477
U0690,50 +,4269,yes,6691
U0691,30-49,6613,no,9633
U0692,18-29,8610,no,7451
U0693,30 - 49,5291,yes,7860
U0694,18–29,9005,no,8178
U0695,18–29,7422,Y,7933
U0696,30-49,6079,yes,7544
U0697,50+,7396,no,5377
U0698,30-49,7955,no,7157
U0699,30-49,5465,Y,6693
U0700,30 - 49,5317,yes,7132
U0701,30-49,8598,no,7140
U0702,50 +,6790,no,5784
U0703,30-49,10415,no,10003
U0704,50 +,7882,yes,12418
U0705,30 - 49,7953,no,9462
U0706,18 - 29,7609,yes,10297
U0707,30-49,7165,Y,6916
U0708,30 - 49,5327,yes,6017
U0709,18 - 29,6173,yes,7754
U0710,30-49,6713,yes,5803
U0711,50 +,5739,no,4848
U0712,18-29,6043,Y,10207
U0713,30-49,10050,N,8054
U0714,50+,6797,N,4246
U0715,30-49,6158,yes,8037
U0715,30-49,6158,yes,8037
U0716,18 - 29,7453,Y,9259
U0717,30 - 49,8711,no,9772
U0718,30-49,9424,no,9561
U0719,30 - 49,9600,no,9314
U0720,30-49,7352,no,7757
U0721,18–29,9949,no,9538
U0722,50+,4732,Y,6041
U0723,50 +,7426,no,9563
U0724,18 - 29,12486,no,10756
U0725,18–29,6411,yes,8993
U0726,18-29,9241,no,8653
U0727,50+,3888,yes,8843
U0728,50 +,6852,no,7818
U0729,18 - 29,6883,no,10167
U0730,30 - 49,9437,no,9486
U0731,18-29,8665,no,5050
U0732,30-49,8182,no,8297
U0733,50+,4262,yes,3939
U0734,18 - 29,6929,N,10503
U0735,18 - 29,7080,N,6975
U0736,30-49,6267,no,7226
U0737,30 - 49,6666,yes,6434
U0738,50+,5593,yes,6672
U0739,30-49,6568,no,3345
U0740,18-29,11220,no,12516
U0741,30-49,10218,no,8635
U0742,50+,6890,yes,8447
U0743,50 +,5644,yes,5160
U0744,18-29,7842,yes,7912
U0745,50+,7543,N,8616
U0746,30-49,8907,no,6569
U0747,50+,3830,yes,1677
U0748,18 - 29,8463,Y,10367
U0749,50 +,9568,no,9099
U0750,18-29,7517,yes,5289
U0751,30-49,8365,no,9915
U0752,30 - 49,7389,Y,7204
U0753,30 - 49,8933,no,8170
U0754,18–29,11725,no,9425
U0755,18-29,7074,yes,8817
U0756,18-29,7931,N,10173
U0757,18-29,13512,N,9840
U0758,18–29,8408,no,7620
U0759,18 - 29,8267,no,6475
U0760,30 - 49,7155,no,7637
U0760,30 - 49,7155,no,7637
U0761,30-49,4676,yes,8509
U0762,30-49,7849,no,7703
U0763,18 - 29,7331,no,7995
U0764,18 - 29,10055,no,7824
U0765,30-49,4958,yes,4652
U0766,50+,5608,no,4807
U0767,18 - 29,6164,Y,11275
U0768,30-49,2791,yes,3794
U0769,50+,4198,yes,6909
U0770,30-49,6723,yes,5176
U0771,50+,6913,N,6802
U0772,50+,12150,no,5738
U0773,30-49,6619,no,5512
U0774,50 +,3694,Y,7834
U0775,18-29,9288,no,9925
U0776,18-29,3892,yes,8901
U0777,30 - 49,8804,no,10451
U0778,30-49,7469,no,6644
U0779,50+,5998,yes,5269
U0780,18–29,8893,no,9347
U0781,50+,8761,N,8249
U0782,30-49,8929,no,9134
U0783,18–29,9061,no,7747
U0784,50+,8057,no,6585
U0785,30-49,5642,yes,7599
U0786,18–29,6714,N,9200
U0787,50 +,7274,Y,10521
U0788,18 - 29,10315,no,7894
U0789,18-29,8142,no,3275
U0790,30 - 49,7442,no,7395
U0791,50+,5662,no,8202
U0792,18-29,9414,no,7997
U0793,50 +,5583,yes,3791
U0794,30 - 49,6274,Y,5185
U0795,18 - 29,7992,N,9441
U0796,30-49,5295,yes,3735
U0797,30 - 49,4679,yes,5095
U0798,30 - 49,9543,no,8719
U0799,50+,5675,yes,7453
U0800,30-49,7397,Y,8255
