year,month,tmax,rain,season
1991,1,7.3,69.7,Winter
1991,2,5.4,34.7,Winter
1991,3,12.5,25.9,Spring
1991,4,13.1,52.8,Spring
1991,5,15.7,9.1,Spring
1991,6,17.8,88.6,Summer
1991,7,23.2,92.9,Summer
1991,8,24.1,26.0,Summer
1991,9,21.4,43.7,Autumn
1991,10,14.6,18.5,Autumn
1991,11,10.6,59.3,Autumn
1991,12,8.3,12.0,Winter
1992,1,7.5,12.6,Winter
1992,2,9.5,17.7,Winter
1992,3,11.8,38.5,Spring
1992,4,14.0,57.1,Spring
1992,5,21.0,94.5,Spring
1992,6,22.5,22.5,Summer
1992,7,22.5,62.3,Summer
1992,8,21.7,84.7,Summer
1992,9,18.9,77.3,Autumn
1992,10,12.5,59.4,Autumn
1992,11,12.0,86.9,Autumn
1992,12,7.8,35.9,Winter
1993,1,10.3,63.1,Winter
1993,2,7.2,2.4,Winter
1993,3,11.8,16.0,Spring
1993,4,14.6,75.3,Spring
1993,5,18.0,31.8,Spring
1993,6,21.8,43.9,Summer
1993,7,21.6,35.0,Summer
1993,8,21.6,23.8,Summer
1993,9,17.5,96.3,Autumn
1993,10,13.0,123.0,Autumn
1993,11,8.8,29.5,Autumn
1993,12,9.2,73.8,Winter
1994,1,9.3,80.0,Winter
1994,2,7.7,42.6,Winter
1994,3,12.3,40.0,Spring
1994,4,13.3,52.8,Spring
1994,5,16.0,80.6,Spring
1994,6,21.5,17.0,Summer
1994,7,26.2,16.9,Summer
1994,8,23.0,32.2,Summer
1994,9,17.8,86.3,Autumn
1994,10,15.4,76.0,Autumn
1994,11,13.6,43.1,Autumn
1994,12,10.7,63.3,Winter
1995,1,8.9,113.7,Winter
1995,2,10.7,71.9,Winter
1995,3,11.2,49.5,Spring
1995,4,15.0,16.9,Spring
1995,5,19.0,30.0,Spring
1995,6,20.7,11.1,Summer
1995,7,26.3,20.3,Summer
1995,8,27.0,0.3,Summer
1995,9,19.2,95.0,Autumn
1995,10,18.3,19.2,Autumn
1995,11,12.0,28.5,Autumn
1995,12,5.8,82.8,Winter
1996,1,7.2,41.5,Winter
1996,2,6.8,49.0,Winter
1996,3,8.6,31.4,Spring
1996,4,14.3,25.0,Spring
1996,5,15.1,25.8,Spring
1996,6,22.8,12.0,Summer
1996,7,24.2,28.8,Summer
1996,8,23.1,45.8,Summer
1996,9,19.2,22.0,Autumn
1996,10,16.6,35.4,Autumn
1996,11,10.5,91.0,Autumn
1996,12,6.2,13.0,Winter
1997,1,5.5,10.3,Winter
1997,2,10.8,55.1,Winter
1997,3,13.8,11.4,Spring
1997,4,15.6,9.8,Spring
1997,5,18.7,28.2,Spring
1997,6,20.2,78.6,Summer
1997,7,23.5,34.6,Summer
1997,8,25.8,70.5,Summer
1997,9,20.9,6.8,Autumn
1997,10,15.9,44.9,Autumn
1997,11,12.5,47.1,Autumn
1997,12,9.5,47.4,Winter
1998,1,9.2,68.6,Winter
1998,2,11.6,6.6,Winter
1998,3,12.1,51.1,Spring
1998,4,12.7,82.6,Spring
1998,5,19.6,31.9,Spring
1998,6,19.9,89.6,Summer
1998,7,21.4,26.9,Summer
1998,8,23.5,16.6,Summer
1998,9,20.4,101.2,Autumn
1998,10,14.7,103.8,Autumn
1998,11,9.6,57.0,Autumn
1998,12,9.7,49.2,Winter
1999,1,9.4,68.7,Winter
1999,2,8.8,21.1,Winter
1999,3,12.2,25.6,Spring
1999,4,14.9,35.0,Spring
1999,5,19.1,35.8,Spring
1999,6,20.3,98.2,Summer
1999,7,24.9,8.6,Summer
1999,8,22.8,124.8,Summer
1999,9,21.3,86.7,Autumn
1999,10,15.6,49.2,Autumn
1999,11,11.3,31.2,Autumn
1999,12,8.7,77.2,Winter
2000,1,8.6,16.5,Winter
2000,2,10.4,62.2,Winter
2000,3,12.1,16.0,Spring
2000,4,12.9,99.6,Spring
2000,5,18.0,87.2,Spring
2000,6,21.0,19.2,Summer
2000,7,21.0,52.8,Summer
2000,8,23.2,32.3,Summer
2000,9,20.1,105.8,Autumn
2000,10,14.7,155.4,Autumn
2000,11,11.0,99.5,Autumn
2000,12,9.0,73.9,Winter
2001,1,7.1,75.2,Winter
2001,2,9.2,69.6,Winter
2001,3,9.5,95.3,Spring
2001,4,12.8,66.5,Spring
2001,5,18.8,26.0,Spring
2001,6,20.8,39.1,Summer
2001,7,24.3,35.2,Summer
2001,8,23.5,79.0,Summer
2001,9,18.1,59.6,Autumn
2001,10,17.6,108.2,Autumn
2001,11,11.3,33.8,Autumn
2001,12,7.3,17.8,Winter
2002,1,9.5,51.0,Winter
2002,2,11.3,64.0,Winter
2002,3,12.4,37.6,Spring
2002,4,15.7,38.4,Spring
2002,5,17.3,66.4,Spring
2002,6,20.1,74.2,Summer
2002,7,22.3,67.2,Summer
2002,8,23.3,36.3,Summer
2002,9,20.3,20.0,Autumn
2002,10,15.3,61.6,Autumn
2002,11,12.4,151.0,Autumn
2002,12,9.0,119.0,Winter
2003,1,8.0,73.6,Winter
2003,2,8.4,20.8,Winter
2003,3,13.6,16.4,Spring
2003,4,15.7,30.0,Spring
2003,5,18.2,39.1,Spring
2003,6,23.3,47.6,Summer
2003,7,24.2,28.8,Summer
2003,8,26.4,10.4,Summer
2003,9,21.9,8.4,Autumn
2003,10,14.5,35.2,Autumn
2003,11,12.6,113.8,Autumn
2003,12,8.8,51.4,Winter
2004,1,8.8,71.9,Winter
2004,2,8.7,26.2,Winter
2004,3,10.8,29.5,Spring
2004,4,14.9,68.8,Spring
2004,5,18.2,45.0,Spring
2004,6,22.1,40.4,Summer
2004,7,22.7,37.6,Summer
2004,8,23.8,107.8,Summer
2004,9,20.8,18.8,Autumn
2004,10,15.3,96.6,Autumn
2004,11,11.2,29.6,Autumn
2004,12,8.8,46.4,Winter
2005,1,9.5,21.6,Winter
2005,2,7.3,19.7,Winter
2005,3,11.5,43.6,Spring
2005,4,14.6,30.0,Spring
2005,5,17.7,19.8,Spring
2005,6,22.8,32.6,Summer
2005,7,23.3,45.8,Summer
2005,8,23.2,42.4,Summer
2005,9,21.4,47.5,Autumn
2005,10,17.8,73.4,Autumn
2005,11,10.7,29.2,Autumn
2005,12,8.2,44.4,Winter
2006,1,7.6,16.8,Winter
2006,2,7.2,41.2,Winter
2006,3,9.4,44.6,Spring
2006,4,14.1,33.4,Spring
2006,5,18.0,91.6,Spring
2006,6,23.7,11.8,Summer
2006,7,28.2,23.6,Summer
2006,8,22.2,68.8,Summer
2006,9,22.7,78.2,Autumn
2006,10,17.8,64.4,Autumn
2006,11,12.7,98.0,Autumn
2006,12,9.7,63.6,Winter
2007,1,10.5,56.0,Winter
2007,2,9.9,92.9,Winter
2007,3,12.5,43.8,Spring
2007,4,18.9,3.6,Spring
2007,5,17.9,80.0,Spring
2007,6,21.2,63.8,Summer
2007,7,21.4,115.2,Summer
2007,8,21.5,41.0,Summer
2007,9,19.9,17.4,Autumn
2007,10,15.4,37.8,Autumn
2007,11,11.4,84.8,Autumn
2007,12,8.9,44.6,Winter
2008,1,10.4,69.0,Winter
2008,2,11.0,15.4,Winter
2008,3,10.6,69.8,Spring
2008,4,13.7,63.4,Spring
2008,5,19.8,64.2,Spring
2008,6,20.8,45.6,Summer
2008,7,22.8,76.8,Summer
2008,8,21.5,64.4,Summer
2008,9,18.5,43.0,Autumn
2008,10,15.0,45.0,Autumn
2008,11,10.7,58.8,Autumn
2008,12,7.3,41.2,Winter
2009,1,6.8,72.4,Winter
2009,2,7.8,69.6,Winter
2009,3,12.9,30.0,Spring
2009,4,16.1,28.0,Spring
2009,5,19.1,29.8,Spring
2009,6,22.4,34.0,Summer
2009,7,23.0,71.4,Summer
2009,8,23.9,39.6,Summer
2009,9,20.5,36.0,Autumn
2009,10,16.3,39.4,Autumn
2009,11,12.6,148.0,Autumn
2009,12,7.0,84.6,Winter
2010,1,4.5,51.8,Winter
2010,2,6.9,100.4,Winter
2010,3,11.1,39.8,Spring
2010,4,15.8,23.2,Spring
2010,5,17.3,20.6,Spring
2010,6,23.5,12.4,Summer
2010,7,25.0,18.0,Summer
2010,8,21.6,88.6,Summer
2010,9,19.4,38.2,Autumn
2010,10,15.2,74.8,Autumn
2010,11,9.1,32.2,Autumn
2010,12,3.9,21.4,Winter
2011,1,7.4,76.8,Winter
2011,2,10.2,42.8,Winter
2011,3,12.3,14.6,Spring
2011,4,19.7,2.4,Spring
2011,5,19.4,24.6,Spring
2011,6,20.7,84.0,Summer
2011,7,21.7,49.8,Summer
2011,8,21.8,68.8,Summer
2011,9,21.3,35.0,Autumn
2011,10,18.1,18.4,Autumn
2011,11,13.6,29.0,Autumn
2011,12,9.9,63.0,Winter
2012,1,9.8,34.4,Winter
2012,2,8.0,16.8,Winter
2012,3,14.7,16.2,Spring
2012,4,13.3,98.4,Spring
2012,5,18.2,25.4,Spring
2012,6,19.4,110.8,Summer
2012,7,21.3,71.8,Summer
2012,8,23.5,36.4,Summer
2012,9,20.0,41.2,Autumn
2012,10,14.2,88.4,Autumn
2012,11,11.0,71.8,Autumn
2012,12,9.0,95.8,Winter
2013,1,6.5,50.1,Winter
2013,2,6.7,32.8,Winter
2013,3,6.9,52.8,Spring
2013,4,13.5,34.0,Spring
2013,5,16.4,41.8,Spring
2013,6,20.3,11.6,Summer
2013,7,27.0,25.2,Summer
2013,8,24.3,32.6,Summer
2013,9,19.7,49.6,Autumn
2013,10,17.0,81.4,Autumn
2013,11,10.4,50.0,Autumn
2013,12,10.2,98.2,Winter
2014,1,10.0,162.4,Winter
2014,2,10.6,89.8,Winter
2014,3,14.1,27.8,Spring
2014,4,16.1,58.0,Spring
2014,5,18.0,84.6,Spring
2014,6,22.1,40.8,Summer
2014,7,25.8,50.0,Summer
2014,8,21.7,97.6,Summer
2014,9,21.5,10.8,Autumn
2014,10,17.6,76.0,Autumn
2014,11,12.5,128.4,Autumn
2014,12,9.2,37.8,Winter
2015,1,8.8,63.4,Winter
2015,2,8.0,38.6,Winter
2015,3,11.6,24.0,Spring
2015,4,16.3,16.2,Spring
2015,5,17.6,41.6,Spring
2015,6,22.2,12.2,Summer
2015,7,23.7,71.8,Summer
2015,8,22.2,116.8,Summer
2015,9,18.6,50.0,Autumn
2015,10,15.8,39.8,Autumn
2015,11,13.4,48.2,Autumn
2015,12,13.7,39.4,Winter
2016,1,9.5,74.8,Winter
2016,2,9.4,43.8,Winter
2016,3,10.7,72.8,Spring
2016,4,13.5,47.2,Spring
2016,5,19.0,60.4,Spring
2016,6,20.7,93.4,Summer
2016,7,24.0,16.0,Summer
2016,8,24.7,21.6,Summer
2016,9,22.4,42.2,Autumn
2016,10,15.9,21.6,Autumn
2016,11,10.5,86.4,Autumn
2016,12,10.2,10.4,Winter
2017,1,7.6,60.2,Winter
2017,2,10.0,38.2,Winter
2017,3,14.1,25.8,Spring
2017,4,15.8,4.6,Spring
2017,5,19.8,64.8,Spring
2017,6,24.0,46.4,Summer
2017,7,23.8,90.0,Summer
2017,8,22.0,58.6,Summer
2017,9,19.2,59.0,Autumn
2017,10,17.1,9.2,Autumn
2017,11,11.1,34.2,Autumn
2017,12,8.7,81.2,Winter
2018,1,9.7,58.0,Winter
2018,2,6.7,29.0,Winter
2018,3,9.8,81.2,Spring
2018,4,15.5,65.2,Spring
2018,5,20.8,58.4,Spring
2018,6,24.2,0.4,Summer
2018,7,28.3,14.8,Summer
2018,8,24.5,48.2,Summer
2018,9,20.9,29.4,Autumn
2018,10,16.5,61.0,Autumn
2018,11,12.2,73.8,Autumn
2018,12,10.7,60.6,Winter
2019,1,7.6,33.2,Winter
2019,2,12.4,34.2,Winter
2019,3,13.1,49.6,Spring
2019,4,15.8,12.8,Spring
2019,5,18.6,36.0,Spring
2019,6,21.8,81.8,Summer
2019,7,25.5,50.8,Summer
2019,8,25.2,33.6,Summer
2019,9,21.2,63.0,Autumn
2019,10,15.5,92.8,Autumn
2019,11,10.3,74.8,Autumn
2019,12,10.2,89.6,Winter
2020,1,10.1,47.6,Winter
2020,2,11.1,99.8,Winter
2020,3,12.0,42.8,Spring
2020,4,18.2,38.2,Spring
2020,5,21.1,2.0,Spring
2020,6,22.5,54.0,Summer
2020,7,23.8,35.2,Summer
2020,8,25.6,58.2,Summer
2020,9,21.6,20.0,Autumn
2020,10,15.1,142.2,Autumn
2020,11,12.7,50.2,Autumn
2020,12,8.5,72.4,Winter
