mode,campus,minutes
Walk,College Lane,36
Bike,de Havilland,27
Walk,College Lane,58
Train,College Lane,21
Bus,College Lane,15
Train,de Havilland,29
Car,College Lane,19
Train,College Lane,21
Walk,de Havilland,30
Walk,College Lane,49
Bus,College Lane,48
Walk,College Lane,27
Train,College Lane,12
Bus,College Lane,35
Bus,de Havilland,54
Train,College Lane,20
Walk,College Lane,31
Bus,College Lane,11
Train,College Lane,46
Train,College Lane,46
Train,College Lane,54
Bike,College Lane,22
Bus,College Lane,33
Bus,College Lane,19
Walk,College Lane,5
Bike,College Lane,9
Train,College Lane,31
Bike,College Lane,19
Bus,College Lane,29
Train,College Lane,40
Walk,de Havilland,43
Bike,de Havilland,44
Car,College Lane,39
Walk,College Lane,12
Train,de Havilland,40
Bike,College Lane,7
Train,de Havilland,20
Walk,College Lane,28
Bus,de Havilland,41
Walk,College Lane,36
Bus,College Lane,37
Car,College Lane,49
Car,College Lane,22
Bus,de Havilland,20
Bus,College Lane,33
Walk,de Havilland,26
Bus,de Havilland,32
Walk,College Lane,35
Car,de Havilland,9
Walk,College Lane,18
Walk,de Havilland,22
Bus,College Lane,20
Car,College Lane,28
Walk,College Lane,23
Train,de Havilland,13
Walk,College Lane,11
Bike,College Lane,11
Walk,de Havilland,23
Bus,College Lane,22
Car,College Lane,28
Car,de Havilland,15
Bike,College Lane,55
Bus,College Lane,30
Train,College Lane,11
Bus,de Havilland,34
Walk,College Lane,22
Train,College Lane,22
Bike,College Lane,25
Car,de Havilland,23
Bike,College Lane,25
Bus,de Havilland,23
Train,College Lane,40
Bike,de Havilland,24
Walk,College Lane,36
Bus,College Lane,19
Walk,College Lane,19
Train,College Lane,32
Train,College Lane,46
Train,College Lane,30
Car,de Havilland,21
Bus,College Lane,27
Train,College Lane,13
Car,College Lane,41
Bus,College Lane,15
Bus,de Havilland,38
Bus,College Lane,19
Car,College Lane,12
Walk,College Lane,48
Bus,College Lane,14
Walk,College Lane,21
Car,College Lane,33
Bike,College Lane,39
Car,de Havilland,11
Bus,College Lane,25
Car,College Lane,31
Walk,de Havilland,41
Train,College Lane,40
Car,College Lane,21
Bike,College Lane,38
Car,College Lane,39
Bus,College Lane,29
Bike,de Havilland,37
Bus,College Lane,9
Bike,College Lane,47
Bike,de Havilland,23
Bus,College Lane,30
Bike,de Havilland,49
Car,College Lane,21
Bus,College Lane,22
Bus,College Lane,12
Walk,College Lane,31
Bike,College Lane,39
Car,College Lane,27
Train,College Lane,43
Walk,College Lane,17
Train,de Havilland,44
Bus,College Lane,23
Walk,de Havilland,36
Train,College Lane,19
Walk,College Lane,31
Walk,College Lane,38
Car,College Lane,44
Car,College Lane,25
Car,College Lane,21
Train,College Lane,22
Walk,College Lane,44
Car,College Lane,30
Bike,College Lane,22
Bus,College Lane,43
Bus,College Lane,24
Walk,College Lane,16
Bike,College Lane,28
Car,de Havilland,17
Walk,College Lane,63
Bus,de Havilland,20
Walk,de Havilland,21
Car,de Havilland,40
Car,College Lane,56
Walk,College Lane,25
Bus,College Lane,35
Bike,College Lane,39
Car,College Lane,46
Walk,College Lane,59
Train,College Lane,44
Car,College Lane,27
Walk,College Lane,32
Walk,College Lane,23
Bike,College Lane,28
Bus,College Lane,41
Car,College Lane,68
Bus,de Havilland,29
Car,College Lane,15
Bike,College Lane,28
Train,de Havilland,48
Train,College Lane,38
Bike,de Havilland,13
Bus,College Lane,16
Bike,College Lane,20
Walk,College Lane,32
Bike,College Lane,23
Bus,College Lane,35
Bike,College Lane,12
Bus,College Lane,10
Train,de Havilland,36
Car,College Lane,38
Walk,College Lane,22
Walk,College Lane,32
Walk,College Lane,18
Bike,College Lane,21
Bus,College Lane,17
Bike,College Lane,41
Walk,College Lane,14
Bus,College Lane,25
Walk,de Havilland,14
Car,College Lane,41
Bike,College Lane,34
Bus,de Havilland,7
Car,College Lane,26
Train,de Havilland,28
Bus,de Havilland,10
Bus,College Lane,9
Walk,College Lane,35
Bus,College Lane,17
Bus,College Lane,19
Bus,College Lane,37
Walk,de Havilland,6
Walk,College Lane,13
Walk,College Lane,9
Bus,College Lane,26
Train,de Havilland,38
Car,de Havilland,6
Bike,de Havilland,56